0,,,,,,
3,,,,,,
6,,,,,,
9,,,,,,
12,,,,,,
15,,,,,,
18,,,,,,
21,,,,,,
24,,,,,,
27,,,,,,
30,,,,,,
33,,,,,,
36,,,,,,
39,,,,,,
42,,,,,,
45,,,,,,
49,,,,,,
52,,,,,,
55,,,,,,
58,,,,,,
61,,,,,,
64,,,,,,
67,,,,,,
70,,,,,,
73,,,,,,
76,,,,,,
79,,,,,,
82,,,,,,
85,,,,,,
88,,,,,,
,,,,,,
,,,,,,
,,,,,,
0,,,,,,
,,,,,,
91,,,,,,
94,,,,,,
98,,,,,,
101,,,,,,
104,,,,,,
107,,,,,,
110,,,,,,
113,,,,,,
116,,,,,,
119,,,,,,
122,,,,,,
125,,,,,,
128,,,,,,
132,,,,,,
135,,,,,,
138,,,,,,
141,,,,,,
144,,,,,,
147,,,,,,
150,,,,,,
153,,,,,,
156,,,,,,
160,,,,,,
163,,,,,,
166,,,,,,
169,,,,,,
172,,,,,,
175,,,,,,
178,,,,,,
181,,,,,,
,,,,,,
,,,,,,
,,,,,,
0,,,,,,
,,,,,,
185,,,,,,
188,,,,,,
191,,,,,,
194,,,,,,
197,,,,,,
200,,,,,,
203,,,,,,
207,,,,,,
210,,,,,,
213,,,,,,
216,,,,,,
219,,,,,,
222,,,,,,
226,,,,,,
229,,,,,,
232,,,,,,
235,,,,,,
238,,,,,,
241,,,,,,
245,,,,,,
248,,,,,,
251,,,,,,
254,,,,,,
257,,,,,,
261,,,,,,
264,,,,,,
267,,,,,,
270,,,,,,
273,,,,,,
277,,,,,,
,,,,,,
,,,,,,
,,,,,,
0,,,,,,
,,,,,,
280,,,,,,
283,,,,,,
286,,,,,,
289,,,,,,
293,,,,,,
296,,,,,,
299,,,,,,
302,,,,,,
306,,,,,,
309,,,,,,
312,,,,,,
315,,,,,,
319,,,,,,
322,,,,,,
325,,,,,,
328,,,,,,
332,,,,,,
335,,,,,,
338,,,,,,
341,,,,,,
345,,,,,,
348,,,,,,
351,,,,,,
354,,,,,,
358,,,,,,
361,,,,,,
364,,,,,,
367,,,,,,
371,,,,,,
374,,,,,,
,,,,,,
,,,,,,
,,,,,,
0,,,,,,
,,,,,,
377,,,,,,
381,,,,,,
384,,,,,,
387,,,,,,
390,,,,,,
394,,,,,,
397,,,,,,
400,,,,,,
404,,,,,,
407,,,,,,
410,,,,,,
414,,,,,,
417,,,,,,
420,,,,,,
424,,,,,,
427,,,,,,
430,,,,,,
433,,,,,,
437,,,,,,
440,,,,,,
443,,,,,,
447,,,,,,
450,,,,,,
453,,,,,,
457,,,,,,
460,,,,,,
463,,,,,,
467,,,,,,
470,,,,,,
474,,,,,,
,,,,,,
,,,,,,
,,,,,,
0,,,,,,
,,,,,,
477,,,,,,
480,,,,,,
484,,,,,,
487,,,,,,
490,,,,,,
494,,,,,,
497,,,,,,
500,,,,,,
504,,,,,,
507,,,,,,
511,,,,,,
514,,,,,,
517,,,,,,
521,,,,,,
524,,,,,,
528,,,,,,
531,,,,,,
534,,,,,,
538,,,,,,
541,,,,,,
544,,,,,,
548,,,,,,
551,,,,,,
555,,,,,,
558,,,,,,
562,,,,,,
565,,,,,,
568,,,,,,
572,,,,,,
575,,,,,,
,,,,,,
,,,,,,
,,,,,,
0,,,,,,
,,,,,,
579,,,,,,
582,,,,,,
586,,,,,,
589,,,,,,
592,,,,,,
596,,,,,,
599,,,,,,
603,,,,,,
606,,,,,,
610,,,,,,
613,,,,,,
616,,,,,,
620,,,,,,
623,,,,,,
627,,,,,,
630,,,,,,
634,,,,,,
637,,,,,,
641,,,,,,
644,,,,,,
648,,,,,,
651,,,,,,
655,,,,,,
658,,,,,,
662,,,,,,
665,,,,,,
669,,,,,,
672,,,,,,
676,,,,,,
679,,,,,,
,,,,,,
,,,,,,
,,,,,,
0,,,,,,
,,,,,,
683,,,,,,
686,,,,,,
690,,,,,,
693,,,,,,
697,,,,,,
700,,,,,,
704,,,,,,
707,,,,,,
711,,,,,,
714,,,,,,
718,,,,,,
721,,,,,,
725,,,,,,
728,,,,,,
732,,,,,,
735,,,,,,
739,,,,,,
742,,,,,,
746,,,,,,
749,,,,,,
753,,,,,,
757,,,,,,
760,,,,,,
764,,,,,,
767,,,,,,
771,,,,,,
774,,,,,,
778,,,,,,
781,,,,,,
785,,,,,,
,,,,,,
,,,,,,
,,,,,,
0,,,,,,
,,,,,,
789,,,,,,
792,,,,,,
796,,,,,,
799,,,,,,
803,,,,,,
806,,,,,,
810,,,,,,
814,,,,,,
817,,,,,,
821,,,,,,
824,,,,,,
828,,,,,,
832,,,,,,
835,,,,,,
839,,,,,,
842,,,,,,
846,,,,,,
850,,,,,,
853,,,,,,
857,,,,,,
860,,,,,,
864,,,,,,
868,,,,,,
871,,,,,,
875,,,,,,
878,,,,,,
882,,,,,,
886,,,,,,
889,,,,,,
893,,,,,,
,,,,,,
,,,,,,
,,,,,,
0,,,,,,
,,,,,,
897,,,,,,
900,,,,,,
904,,,,,,
908,,,,,,
911,,,,,,
915,,,,,,
918,,,,,,
922,,,,,,
926,,,,,,
929,,,,,,
933,,,,,,
937,,,,,,
940,,,,,,
944,,,,,,
948,,,,,,
951,,,,,,
955,,,,,,
959,,,,,,
962,,,,,,
966,,,,,,
970,,,,,,
974,,,,,,
977,,,,,,
981,,,,,,
985,,,,,,
988,,,,,,
992,,,,,,
996,,,,,,
999,,,,,,
1003,,,,,,
,,,,,,
,,,,,,
,,,,,,
0,,,,,,
,,,,,,
1007,,,,,,
1011,,,,,,
1014,,,,,,
1018,,,,,,
1022,,,,,,
1025,,,,,,
1029,,,,,,
1033,,,,,,
1037,,,,,,
1040,,,,,,
1044,,,,,,
1048,,,,,,
1051,,,,,,
1055,,,,,,
1059,,,,,,
1063,,,,,,
1066,,,,,,
1070,,,,,,
1074,,,,,,
1078,,,,,,
1081,,,,,,
1085,,,,,,
1089,,,,,,
1093,,,,,,
1096,,,,,,
1100,,,,,,
1104,,,,,,
1108,,,,,,
1111,,,,,,
1115,,,,,,
,,,,,,
,,,,,,
,,,,,,
0,,,,,,
,,,,,,
1119,,,,,,
1123,,,,,,
1127,,,,,,
1130,,,,,,
1134,,,,,,
1138,,,,,,
1142,,,,,,
1145,,,,,,
1149,,,,,,
1153,,,,,,
1157,,,,,,
1161,,,,,,
1164,,,,,,
1168,,,,,,
1172,,,,,,
1176,,,,,,
1180,,,,,,
1184,,,,,,
1187,,,,,,
1191,,,,,,
1195,,,,,,
1199,,,,,,
1203,,,,,,
1206,,,,,,
1210,,,,,,
1214,,,,,,
1218,,,,,,
1222,,,,,,
1226,,,,,,
1229,,,,,,
,,,,,,
,,,,,,
,,,,,,
0,,,,,,
,,,,,,
1233,,,,,,
1237,,,,,,
1241,,,,,,
1245,,,,,,
1249,,,,,,
1253,,,,,,
1256,,,,,,
1260,,,,,,
1264,,,,,,
1268,,,,,,
1272,,,,,,
1276,,,,,,
1280,,,,,,
1283,,,,,,
1287,,,,,,
1291,,,,,,
1295,,,,,,
1299,,,,,,
1303,,,,,,
1307,,,,,,
1311,,,,,,
1315,,,,,,
1318,,,,,,
1322,,,,,,
1326,,,,,,
1330,,,,,,
1334,,,,,,
1338,,,,,,
1342,,,,,,
1346,,,,,,
,,,,,,
,,,,,,
,,,,,,
0,,,,,,
,,,,,,
1350,,,,,,
1354,,,,,,
1357,,,,,,
1361,,,,,,
1365,,,,,,
1369,,,,,,
1373,,,,,,
1377,,,,,,
1381,,,,,,
1385,,,,,,
1389,,,,,,
1393,,,,,,
1397,,,,,,
1401,,,,,,
1405,,,,,,
1409,,,,,,
1413,,,,,,
1416,,,,,,
1420,,,,,,
1424,,,,,,
1428,,,,,,
1432,,,,,,
1436,,,,,,
1440,,,,,,
1444,,,,,,
1448,,,,,,
1452,,,,,,
1456,,,,,,
1460,,,,,,
1464,,,,,,
,,,,,,
,,,,,,
,,,,,,
0,,,,,,
,,,,,,
1468,,,,,,
1472,,,,,,
1476,,,,,,
1480,,,,,,
1484,,,,,,
1488,,,,,,
1492,,,,,,
1496,,,,,,
1500,,,,,,
1504,,,,,,
1508,,,,,,
1512,,,,,,
1516,,,,,,
1520,,,,,,
1524,,,,,,
1528,,,,,,
1532,,,,,,
1536,,,,,,
1540,,,,,,
1544,,,,,,
1548,,,,,,
1552,,,,,,
1556,,,,,,
1560,,,,,,
1564,,,,,,
1568,,,,,,
1572,,,,,,
1576,,,,,,
1581,,,,,,
1585,,,,,,
,,,,,,
,,,,,,
,,,,,,
0,,,,,,
,,,,,,
1589,,,,,,
1593,,,,,,
1597,,,,,,
1601,,,,,,
1605,,,,,,
1609,,,,,,
1613,,,,,,
1617,,,,,,
1621,,,,,,
1625,,,,,,
1629,,,,,,
1633,,,,,,
1637,,,,,,
1641,,,,,,
1646,,,,,,
1650,,,,,,
1654,,,,,,
1658,,,,,,
1662,,,,,,
1666,,,,,,
1670,,,,,,
1674,,,,,,
1678,,,,,,
1682,,,,,,
1687,,,,,,
1691,,,,,,
1695,,,,,,
1699,,,,,,
1703,,,,,,
1707,,,,,,
,,,,,,
,,,,,,
,,,,,,
0,,,,,,
,,,,,,
1711,,,,,,
1715,,,,,,
1719,,,,,,
1724,,,,,,
1728,,,,,,
1732,,,,,,
1736,,,,,,
1740,,,,,,
1744,,,,,,
1748,,,,,,
1753,,,,,,
1757,,,,,,
1761,,,,,,
1765,,,,,,
1769,,,,,,
1773,,,,,,
1778,,,,,,
1782,,,,,,
1786,,,,,,
1790,,,,,,
1794,,,,,,
1798,,,,,,
1803,,,,,,
1807,,,,,,
1811,,,,,,
1815,,,,,,
1819,,,,,,
1823,,,,,,
1828,,,,,,
1832,,,,,,
,,,,,,
,,,,,,
,,,,,,
0,,,,,,
,,,,,,
1836,,,,,,
1840,,,,,,
1844,,,,,,
1849,,,,,,
1853,,,,,,
1857,,,,,,
1861,,,,,,
1865,,,,,,
1870,,,,,,
1874,,,,,,
1878,,,,,,
1882,,,,,,
1886,,,,,,
1891,,,,,,
1895,,,,,,
1899,,,,,,
1903,,,,,,
1908,,,,,,
1912,,,,,,
1916,,,,,,
1920,,,,,,
1925,,,,,,
1929,,,,,,
1933,,,,,,
1937,,,,,,
1942,,,,,,
1946,,,,,,
1950,,,,,,
1954,,,,,,
1959,,,,,,
,,,,,,
,,,,,,
,,,,,,
0,,,,,,
,,,,,,
1963,,,,,,
1967,,,,,,
1971,,,,,,
1976,,,,,,
1980,,,,,,
1984,,,,,,
1988,,,,,,
1993,,,,,,
1997,,,,,,
2001,,,,,,
2006,,,,,,
2010,,,,,,
2014,,,,,,
2018,,,,,,
2023,,,,,,
2027,,,,,,
2031,,,,,,
2036,,,,,,
2040,,,,,,
2044,,,,,,
2049,,,,,,
2053,,,,,,
2057,,,,,,
2062,,,,,,
2066,,,,,,
2070,,,,,,
2075,,,,,,
2079,,,,,,
2083,,,,,,
2088,,,,,,
,,,,,,
,,,,,,
,,,,,,
0,,,,,,
,,,,,,
2092,,,,,,
2096,,,,,,
2101,,,,,,
2105,,,,,,
2109,,,,,,
2114,,,,,,
2118,,,,,,
2122,,,,,,
2127,,,,,,
2131,,,,,,
2135,,,,,,
2140,,,,,,
2144,,,,,,
2148,,,,,,
2153,,,,,,
2157,,,,,,
2162,,,,,,
2166,,,,,,
2170,,,,,,
2175,,,,,,
2179,,,,,,
2184,,,,,,
2188,,,,,,
2192,,,,,,
2197,,,,,,
2201,,,,,,
2206,,,,,,
2210,,,,,,
2214,,,,,,
2219,,,,,,
,,,,,,
,,,,,,
,,,,,,
0,,,,,,
,,,,,,
2223,,,,,,
2228,,,,,,
2232,,,,,,
2236,,,,,,
2241,,,,,,
2245,,,,,,
2250,,,,,,
2254,,,,,,
2259,,,,,,
2263,,,,,,
2267,,,,,,
2272,,,,,,
2276,,,,,,
2281,,,,,,
2285,,,,,,
2290,,,,,,
2294,,,,,,
2299,,,,,,
2303,,,,,,
2308,,,,,,
2312,,,,,,
2316,,,,,,
2321,,,,,,
2325,,,,,,
2330,,,,,,
2334,,,,,,
2339,,,,,,
2343,,,,,,
2348,,,,,,
2352,,,,,,
,,,,,,
,,,,,,
,,,,,,
0,,,,,,
,,,,,,
2357,,,,,,
2361,,,,,,
2366,,,,,,
2370,,,,,,
2375,,,,,,
2379,,,,,,
2384,,,,,,
2388,,,,,,
2393,,,,,,
2397,,,,,,
2402,,,,,,
2406,,,,,,
2411,,,,,,
2415,,,,,,
2420,,,,,,
2425,,,,,,
2429,,,,,,
2434,,,,,,
2438,,,,,,
2443,,,,,,
2447,,,,,,
2452,,,,,,
2456,,,,,,
2461,,,,,,
2465,,,,,,
2470,,,,,,
2475,,,,,,
2479,,,,,,
2484,,,,,,
2488,,,,,,
,,,,,,
,,,,,,
,,,,,,
0,,,,,,
,,,,,,
2493,,,,,,
2497,,,,,,
2502,,,,,,
2507,,,,,,
2511,,,,,,
2516,,,,,,
2520,,,,,,
2525,,,,,,
2529,,,,,,
2534,,,,,,
2539,,,,,,
2543,,,,,,
2548,,,,,,
2552,,,,,,
2557,,,,,,
2562,,,,,,
2566,,,,,,
2571,,,,,,
2575,,,,,,
2580,,,,,,
2585,,,,,,
2589,,,,,,
2594,,,,,,
2599,,,,,,
2603,,,,,,
2608,,,,,,
2612,,,,,,
2617,,,,,,
2622,,,,,,
2626,,,,,,
,,,,,,
,,,,,,
,,,,,,
0,,,,,,
,,,,,,
2631,,,,,,
2636,,,,,,
2640,,,,,,
2645,,,,,,
2650,,,,,,
2654,,,,,,
2659,,,,,,
2664,,,,,,
2668,,,,,,
2673,,,,,,
2678,,,,,,
2682,,,,,,
2687,,,,,,
2692,,,,,,
2696,,,,,,
2701,,,,,,
2706,,,,,,
2710,,,,,,
2715,,,,,,
2720,,,,,,
2724,,,,,,
2729,,,,,,
2734,,,,,,
2738,,,,,,
2743,,,,,,
2748,,,,,,
2752,,,,,,
2757,,,,,,
2762,,,,,,
2767,,,,,,
,,,,,,
,,,,,,
,,,,,,
0,,,,,,
,,,,,,
2771,,,,,,
2776,,,,,,
2781,,,,,,
2785,,,,,,
2790,,,,,,
2795,,,,,,
2800,,,,,,
2804,,,,,,
2809,,,,,,
2814,,,,,,
2819,,,,,,
2823,,,,,,
2828,,,,,,
2833,,,,,,
2838,,,,,,
2842,,,,,,
2847,,,,,,
2852,,,,,,
2857,,,,,,
2861,,,,,,
2866,,,,,,
2871,,,,,,
2876,,,,,,
2880,,,,,,
2885,,,,,,
2890,,,,,,
2895,,,,,,
2899,,,,,,
2904,,,,,,
2909,,,,,,
,,,,,,
,,,,,,
,,,,,,
0,,,,,,
,,,,,,
2914,,,,,,
2919,,,,,,
2923,,,,,,
2928,,,,,,
2933,,,,,,
2938,,,,,,
2943,,,,,,
2947,,,,,,
2952,,,,,,
2957,,,,,,
2962,,,,,,
2967,,,,,,
2971,,,,,,
2976,,,,,,
2981,,,,,,
2986,,,,,,
2991,,,,,,
2995,,,,,,
3000,,,,,,
3005,,,,,,
3010,,,,,,
3015,,,,,,
3020,,,,,,
3025,,,,,,
3029,,,,,,
3034,,,,,,
3039,,,,,,
3044,,,,,,
3049,,,,,,
3054,,,,,,
,,,,,,
,,,,,,
,,,,,,
0,,,,,,
,,,,,,
3059,,,,,,
3063,,,,,,
3068,,,,,,
3073,,,,,,
3078,,,,,,
3083,,,,,,
3088,,,,,,
3093,,,,,,
3098,,,,,,
3102,,,,,,
3107,,,,,,
3112,,,,,,
3117,,,,,,
3122,,,,,,
3127,,,,,,
3132,,,,,,
3137,,,,,,
3142,,,,,,
3147,,,,,,
3151,,,,,,
3156,,,,,,
3161,,,,,,
3166,,,,,,
3171,,,,,,
3176,,,,,,
3181,,,,,,
3186,,,,,,
3191,,,,,,
3196,,,,,,
3201,,,,,,
,,,,,,
,,,,,,
,,,,,,
0,,,,,,
,,,,,,
3206,,,,,,
3211,,,,,,
3216,,,,,,
3221,,,,,,
3225,,,,,,
3230,,,,,,
3235,,,,,,
3240,,,,,,
3245,,,,,,
3250,,,,,,
3255,,,,,,
3260,,,,,,
3265,,,,,,
3270,,,,,,
3275,,,,,,
3280,,,,,,
3285,,,,,,
3290,,,,,,
3295,,,,,,
3300,,,,,,
3305,,,,,,
3310,,,,,,
3315,,,,,,
3320,,,,,,
3325,,,,,,
3330,,,,,,
3335,,,,,,
3340,,,,,,
3345,,,,,,
3350,,,,,,
,,,,,,
,,,,,,
,,,,,,
0,,,,,,
,,,,,,
3355,,,,,,
3360,,,,,,
3365,,,,,,
3370,,,,,,
3375,,,,,,
3380,,,,,,
3385,,,,,,
3390,,,,,,
3396,,,,,,
3401,,,,,,
3406,,,,,,
3411,,,,,,
3416,,,,,,
3421,,,,,,
3426,,,,,,
3431,,,,,,
3436,,,,,,
3441,,,,,,
3446,,,,,,
3451,,,,,,
3456,,,,,,
3461,,,,,,
3466,,,,,,
3472,,,,,,
3477,,,,,,
3482,,,,,,
3487,,,,,,
3492,,,,,,
3497,,,,,,
3502,,,,,,
,,,,,,
,,,,,,
,,,,,,
0,,,,,,
,,,,,,
3507,,,,,,
3512,,,,,,
3518,,,,,,
3523,,,,,,
3528,,,,,,
3533,,,,,,
3538,,,,,,
3543,,,,,,
3548,,,,,,
3553,,,,,,
3559,,,,,,
3564,,,,,,
3569,,,,,,
3574,,,,,,
3579,,,,,,
3584,,,,,,
3589,,,,,,
3595,,,,,,
3600,,,,,,
3605,,,,,,
3610,,,,,,
3615,,,,,,
3620,,,,,,
3626,,,,,,
3631,,,,,,
3636,,,,,,
3641,,,,,,
3646,,,,,,
3652,,,,,,
3657,,,,,,
,,,,,,
,,,,,,
,,,,,,
0,,,,,,
,,,,,,
3662,,,,,,
3667,,,,,,
3672,,,,,,
3678,,,,,,
3683,,,,,,
3688,,,,,,
3693,,,,,,
3698,,,,,,
3704,,,,,,
3709,,,,,,
3714,,,,,,
3719,,,,,,
3725,,,,,,
3730,,,,,,
3735,,,,,,
3740,,,,,,
3746,,,,,,
3751,,,,,,
3756,,,,,,
3761,,,,,,
3767,,,,,,
3772,,,,,,
3777,,,,,,
3782,,,,,,
3788,,,,,,
3793,,,,,,
3798,,,,,,
3804,,,,,,
3809,,,,,,
3814,,,,,,
,,,,,,
,,,,,,
,,,,,,
0,,,,,,
,,,,,,
3819,,,,,,
3825,,,,,,
3830,,,,,,
3835,,,,,,
3841,,,,,,
3846,,,,,,
3851,,,,,,
3857,,,,,,
3862,,,,,,
3867,,,,,,
3872,,,,,,
3878,,,,,,
3883,,,,,,
3888,,,,,,
3894,,,,,,
3899,,,,,,
3904,,,,,,
3910,,,,,,
3915,,,,,,
3920,,,,,,
3926,,,,,,
3931,,,,,,
3937,,,,,,
3942,,,,,,
3947,,,,,,
3953,,,,,,
3958,,,,,,
3963,,,,,,
3969,,,,,,
3974,,,,,,
,,,,,,
,,,,,,
,,,,,,
0,,,,,,
,,,,,,
3980,,,,,,
3985,,,,,,
3990,,,,,,
3996,,,,,,
4001,,,,,,
4006,,,,,,
4012,,,,,,
4017,,,,,,
4023,,,,,,
4028,,,,,,
4033,,,,,,
4039,,,,,,
4044,,,,,,
4050,,,,,,
4055,,,,,,
4061,,,,,,
4066,,,,,,
4071,,,,,,
4077,,,,,,
4082,,,,,,
4088,,,,,,
4093,,,,,,
4099,,,,,,
4104,,,,,,
4109,,,,,,
4115,,,,,,
4120,,,,,,
4126,,,,,,
4131,,,,,,
4137,,,,,,
,,,,,,
,,,,,,
,,,,,,
0,,,,,,
,,,,,,
4142,,,,,,
4148,,,,,,
4153,,,,,,
4159,,,,,,
4164,,,,,,
4170,,,,,,
4175,,,,,,
4181,,,,,,
4186,,,,,,
4192,,,,,,
4197,,,,,,
4202,,,,,,
4208,,,,,,
4213,,,,,,
4219,,,,,,
4225,,,,,,
4230,,,,,,
4236,,,,,,
4241,,,,,,
4247,,,,,,
4252,,,,,,
4258,,,,,,
4263,,,,,,
4269,,,,,,
4274,,,,,,
4280,,,,,,
4285,,,,,,
4291,,,,,,
4296,,,,,,
4302,,,,,,
,,,,,,
,,,,,,
,,,,,,
0,,,,,,
,,,,,,
4307,,,,,,
4313,,,,,,
4319,,,,,,
4324,,,,,,
4330,,,,,,
4335,,,,,,
4341,,,,,,
4346,,,,,,
4352,,,,,,
4358,,,,,,
4363,,,,,,
4369,,,,,,
4374,,,,,,
4380,,,,,,
4385,,,,,,
4391,,,,,,
4397,,,,,,
4402,,,,,,
4408,,,,,,
4413,,,,,,
4419,,,,,,
4425,,,,,,
4430,,,,,,
4436,,,,,,
4442,,,,,,
4447,,,,,,
4453,,,,,,
4458,,,,,,
4464,,,,,,
4470,,,,,,
,,,,,,
,,,,,,
,,,,,,
0,,,,,,
,,,,,,
4475,,,,,,
4481,,,,,,
4487,,,,,,
4492,,,,,,
4498,,,,,,
4504,,,,,,
4509,,,,,,
4515,,,,,,
4521,,,,,,
4526,,,,,,
4532,,,,,,
4538,,,,,,
4543,,,,,,
4549,,,,,,
4555,,,,,,
4560,,,,,,
4566,,,,,,
4572,,,,,,
4577,,,,,,
4583,,,,,,
4589,,,,,,
4594,,,,,,
4600,,,,,,
4606,,,,,,
4611,,,,,,
4617,,,,,,
4623,,,,,,
4629,,,,,,
4634,,,,,,
4640,,,,,,
,,,,,,
,,,,,,
,,,,,,
0,,,,,,
,,,,,,
4646,,,,,,
4652,,,,,,
4657,,,,,,
4663,,,,,,
4669,,,,,,
4675,,,,,,
4680,,,,,,
4686,,,,,,
4692,,,,,,
4698,,,,,,
4703,,,,,,
4709,,,,,,
4715,,,,,,
4721,,,,,,
4726,,,,,,
4732,,,,,,
4738,,,,,,
4744,,,,,,
4749,,,,,,
4755,,,,,,
4761,,,,,,
4767,,,,,,
4773,,,,,,
4778,,,,,,
4784,,,,,,
4790,,,,,,
4796,,,,,,
4802,,,,,,
4807,,,,,,
4813,,,,,,
,,,,,,
,,,,,,
,,,,,,
0,,,,,,
,,,,,,
4819,,,,,,
4825,,,,,,
4831,,,,,,
4837,,,,,,
4842,,,,,,
4848,,,,,,
4854,,,,,,
4860,,,,,,
4866,,,,,,
4872,,,,,,
4878,,,,,,
4883,,,,,,
4889,,,,,,
4895,,,,,,
4901,,,,,,
4907,,,,,,
4913,,,,,,
4919,,,,,,
4924,,,,,,
4930,,,,,,
4936,,,,,,
4942,,,,,,
4948,,,,,,
4954,,,,,,
4960,,,,,,
4966,,,,,,
4972,,,,,,
4977,,,,,,
4983,,,,,,
4989,,,,,,
,,,,,,
,,,,,,
,,,,,,
0,,,,,,
,,,,,,
4995,,,,,,
5001,,,,,,
5007,,,,,,
5013,,,,,,
5019,,,,,,
5025,,,,,,
5031,,,,,,
5037,,,,,,
5043,,,,,,
5049,,,,,,
5055,,,,,,
5060,,,,,,
5066,,,,,,
5072,,,,,,
5078,,,,,,
5084,,,,,,
5090,,,,,,
5096,,,,,,
5102,,,,,,
5108,,,,,,
5114,,,,,,
5120,,,,,,
5126,,,,,,
5132,,,,,,
5138,,,,,,
5144,,,,,,
5150,,,,,,
5156,,,,,,
5162,,,,,,
5168,,,,,,
,,,,,,
,,,,,,
,,,,,,
0,,,,,,
,,,,,,
5174,,,,,,
5180,,,,,,
5186,,,,,,
5192,,,,,,
5198,,,,,,
5204,,,,,,
5210,,,,,,
5216,,,,,,
5222,,,,,,
5228,,,,,,
5234,,,,,,
5240,,,,,,
5246,,,,,,
5252,,,,,,
5259,,,,,,
5265,,,,,,
5271,,,,,,
5277,,,,,,
5283,,,,,,
5289,,,,,,
5295,,,,,,
5301,,,,,,
5307,,,,,,
5313,,,,,,
5319,,,,,,
5325,,,,,,
5331,,,,,,
5337,,,,,,
5344,,,,,,
5350,,,,,,
,,,,,,
,,,,,,
,,,,,,
0,,,,,,
,,,,,,
5356,,,,,,
5362,,,,,,
5368,,,,,,
5374,,,,,,
5380,,,,,,
5386,,,,,,
5392,,,,,,
5399,,,,,,
5405,,,,,,
5411,,,,,,
5417,,,,,,
5423,,,,,,
5429,,,,,,
5435,,,,,,
5441,,,,,,
5448,,,,,,
5454,,,,,,
5460,,,,,,
5466,,,,,,
5472,,,,,,
5478,,,,,,
5485,,,,,,
5491,,,,,,
5497,,,,,,
5503,,,,,,
5509,,,,,,
5515,,,,,,
5522,,,,,,
5528,,,,,,
5534,,,,,,
,,,,,,
,,,,,,
,,,,,,
0,,,,,,
,,,,,,
5540,,,,,,
5546,,,,,,
5553,,,,,,
5559,,,,,,
5565,,,,,,
5571,,,,,,
5577,,,,,,
5584,,,,,,
5590,,,,,,
5596,,,,,,
5602,,,,,,
5608,,,,,,
5615,,,,,,
5621,,,,,,
5627,,,,,,
5633,,,,,,
5640,,,,,,
5646,,,,,,
5652,,,,,,
5658,,,,,,
5665,,,,,,
5671,,,,,,
5677,,,,,,
5683,,,,,,
5690,,,,,,
5696,,,,,,
5702,,,,,,
5708,,,,,,
5715,,,,,,
5721,,,,,,
,,,,,,
,,,,,,
,,,,,,
0,,,,,,
,,,,,,
5727,,,,,,
5734,,,,,,
5740,,,,,,
5746,,,,,,
5752,,,,,,
5759,,,,,,
5765,,,,,,
5771,,,,,,
5778,,,,,,
5784,,,,,,
5790,,,,,,
5797,,,,,,
5803,,,,,,
5809,,,,,,
5816,,,,,,
5822,,,,,,
5828,,,,,,
5835,,,,,,
5841,,,,,,
5847,,,,,,
5854,,,,,,
5860,,,,,,
5866,,,,,,
5873,,,,,,
5879,,,,,,
5885,,,,,,
5892,,,,,,
5898,,,,,,
5904,,,,,,
5911,,,,,,
,,,,,,
,,,,,,
,,,,,,
0,,,,,,
,,,,,,
5917,,,,,,
5924,,,,,,
5930,,,,,,
5936,,,,,,
5943,,,,,,
5949,,,,,,
5956,,,,,,
5962,,,,,,
5968,,,,,,
5975,,,,,,
5981,,,,,,
5988,,,,,,
5994,,,,,,
6000,,,,,,
6007,,,,,,
6013,,,,,,
6020,,,,,,
6026,,,,,,
6032,,,,,,
6039,,,,,,
6045,,,,,,
6052,,,,,,
6058,,,,,,
6065,,,,,,
6071,,,,,,
6078,,,,,,
6084,,,,,,
6091,,,,,,
6097,,,,,,
6103,,,,,,
,,,,,,
,,,,,,
,,,,,,
0,,,,,,
,,,,,,
6110,,,,,,
6116,,,,,,
6123,,,,,,
6129,,,,,,
6136,,,,,,
6142,,,,,,
6149,,,,,,
6155,,,,,,
6162,,,,,,
6168,,,,,,
6175,,,,,,
6181,,,,,,
6188,,,,,,
6194,,,,,,
6201,,,,,,
6207,,,,,,
6214,,,,,,
6220,,,,,,
6227,,,,,,
6233,,,,,,
6240,,,,,,
6246,,,,,,
6253,,,,,,
6260,,,,,,
6266,,,,,,
6273,,,,,,
6279,,,,,,
6286,,,,,,
6292,,,,,,
6299,,,,,,
,,,,,,
,,,,,,
,,,,,,
0,,,,,,
,,,,,,
6305,,,,,,
6312,,,,,,
6319,,,,,,
6325,,,,,,
6332,,,,,,
6338,,,,,,
6345,,,,,,
6351,,,,,,
6358,,,,,,
6365,,,,,,
6371,,,,,,
6378,,,,,,
6384,,,,,,
6391,,,,,,
6398,,,,,,
6404,,,,,,
6411,,,,,,
6417,,,,,,
6424,,,,,,
6431,,,,,,
6437,,,,,,
6444,,,,,,
6451,,,,,,
6457,,,,,,
6464,,,,,,
6470,,,,,,
6477,,,,,,
6484,,,,,,
6490,,,,,,
6497,,,,,,
,,,,,,
,,,,,,
,,,,,,
0,,,,,,
,,,,,,
6504,,,,,,
6510,,,,,,
6517,,,,,,
6524,,,,,,
6530,,,,,,
6537,,,,,,
6544,,,,,,
6550,,,,,,
6557,,,,,,
6564,,,,,,
6570,,,,,,
6577,,,,,,
6584,,,,,,
6591,,,,,,
6597,,,,,,
6604,,,,,,
6611,,,,,,
6617,,,,,,
6624,,,,,,
6631,,,,,,
6638,,,,,,
6644,,,,,,
6651,,,,,,
6658,,,,,,
6664,,,,,,
6671,,,,,,
6678,,,,,,
6685,,,,,,
6691,,,,,,
6698,,,,,,
,,,,,,
,,,,,,
,,,,,,
0,,,,,,
,,,,,,
6705,,,,,,
6712,,,,,,
6718,,,,,,
6725,,,,,,
6732,,,,,,
6739,,,,,,
6745,,,,,,
6752,,,,,,
6759,,,,,,
6766,,,,,,
6773,,,,,,
6779,,,,,,
6786,,,,,,
6793,,,,,,
6800,,,,,,
6807,,,,,,
6813,,,,,,
6820,,,,,,
6827,,,,,,
6834,,,,,,
6841,,,,,,
6847,,,,,,
6854,,,,,,
6861,,,,,,
6868,,,,,,
6875,,,,,,
6882,,,,,,
6888,,,,,,
6895,,,,,,
6902,,,,,,
,,,,,,
,,,,,,
,,,,,,
0,,,,,,
,,,,,,
6909,,,,,,
6916,,,,,,
6923,,,,,,
6930,,,,,,
6936,,,,,,
6943,,,,,,
6950,,,,,,
6957,,,,,,
6964,,,,,,
6971,,,,,,
6978,,,,,,
6985,,,,,,
6991,,,,,,
6998,,,,,,
7005,,,,,,
7012,,,,,,
7019,,,,,,
7026,,,,,,
7033,,,,,,
7040,,,,,,
7047,,,,,,
7054,,,,,,
7061,,,,,,
7067,,,,,,
7074,,,,,,
7081,,,,,,
7088,,,,,,
7095,,,,,,
7102,,,,,,
7109,,,,,,
,,,,,,
,,,,,,
,,,,,,
0,,,,,,
,,,,,,
7116,,,,,,
7123,,,,,,
7130,,,,,,
7137,,,,,,
7144,,,,,,
7151,,,,,,
7158,,,,,,
7165,,,,,,
7172,,,,,,
7179,,,,,,
7186,,,,,,
7193,,,,,,
7200,,,,,,
7207,,,,,,
7214,,,,,,
7221,,,,,,
7228,,,,,,
7235,,,,,,
7242,,,,,,
7249,,,,,,
7256,,,,,,
7263,,,,,,
7270,,,,,,
7277,,,,,,
7284,,,,,,
7291,,,,,,
7298,,,,,,
7305,,,,,,
7312,,,,,,
7319,,,,,,
,,,,,,
,,,,,,
,,,,,,
0,,,,,,
,,,,,,
7326,,,,,,
7333,,,,,,
7340,,,,,,
7347,,,,,,
7354,,,,,,
7361,,,,,,
7368,,,,,,
7376,,,,,,
7383,,,,,,
7390,,,,,,
7397,,,,,,
7404,,,,,,
7411,,,,,,
7418,,,,,,
7425,,,,,,
7432,,,,,,
7439,,,,,,
7446,,,,,,
7454,,,,,,
7461,,,,,,
7468,,,,,,
7475,,,,,,
7482,,,,,,
7489,,,,,,
7496,,,,,,
7503,,,,,,
7511,,,,,,
7518,,,,,,
7525,,,,,,
7532,,,,,,
,,,,,,
,,,,,,
,,,,,,
0,,,,,,
,,,,,,
7539,,,,,,
7546,,,,,,
7553,,,,,,
7561,,,,,,
7568,,,,,,
7575,,,,,,
7582,,,,,,
7589,,,,,,
7596,,,,,,
7604,,,,,,
7611,,,,,,
7618,,,,,,
7625,,,,,,
7632,,,,,,
7640,,,,,,
7647,,,,,,
7654,,,,,,
7661,,,,,,
7668,,,,,,
7676,,,,,,
7683,,,,,,
7690,,,,,,
7697,,,,,,
7705,,,,,,
7712,,,,,,
7719,,,,,,
7726,,,,,,
7734,,,,,,
7741,,,,,,
7748,,,,,,
,,,,,,
,,,,,,
,,,,,,
0,,,,,,
,,,,,,
7755,,,,,,
7763,,,,,,
7770,,,,,,
7777,,,,,,
7784,,,,,,
7792,,,,,,
7799,,,,,,
7806,,,,,,
7813,,,,,,
7821,,,,,,
7828,,,,,,
7835,,,,,,
7843,,,,,,
7850,,,,,,
7857,,,,,,
7865,,,,,,
7872,,,,,,
7879,,,,,,
7886,,,,,,
7894,,,,,,
7901,,,,,,
7908,,,,,,
7916,,,,,,
7923,,,,,,
7930,,,,,,
7938,,,,,,
7945,,,,,,
7953,,,,,,
7960,,,,,,
7967,,,,,,
,,,,,,
,,,,,,
,,,,,,
0,,,,,,
,,,,,,
7975,,,,,,
7982,,,,,,
7989,,,,,,
7997,,,,,,
8004,,,,,,
8011,,,,,,
8019,,,,,,
8026,,,,,,
8034,,,,,,
8041,,,,,,
8048,,,,,,
8056,,,,,,
8063,,,,,,
8071,,,,,,
8078,,,,,,
8086,,,,,,
8093,,,,,,
8100,,,,,,
8108,,,,,,
8115,,,,,,
8123,,,,,,
8130,,,,,,
8138,,,,,,
8145,,,,,,
8152,,,,,,
8160,,,,,,
8167,,,,,,
8175,,,,,,
8182,,,,,,
8190,,,,,,
,,,,,,
,,,,,,
,,,,,,
0,,,,,,
,,,,,,
8197,,,,,,
8205,,,,,,
8212,,,,,,
8220,,,,,,
8227,,,,,,
8235,,,,,,
8242,,,,,,
8250,,,,,,
8257,,,,,,
8265,,,,,,
8272,,,,,,
8280,,,,,,
8287,,,,,,
8295,,,,,,
8302,,,,,,
8310,,,,,,
8317,,,,,,
8325,,,,,,
8332,,,,,,
8340,,,,,,
8347,,,,,,
8355,,,,,,
8363,,,,,,
8370,,,,,,
8378,,,,,,
8385,,,,,,
8393,,,,,,
8400,,,,,,
8408,,,,,,
8416,,,,,,
,,,,,,
,,,,,,
,,,,,,
0,,,,,,
,,,,,,
8423,,,,,,
8431,,,,,,
8438,,,,,,
8446,,,,,,
8453,,,,,,
8461,,,,,,
8469,,,,,,
8476,,,,,,
8484,,,,,,
8491,,,,,,
8499,,,,,,
8507,,,,,,
8514,,,,,,
8522,,,,,,
8530,,,,,,
8537,,,,,,
8545,,,,,,
8553,,,,,,
8560,,,,,,
8568,,,,,,
8575,,,,,,
8583,,,,,,
8591,,,,,,
8598,,,,,,
8606,,,,,,
8614,,,,,,
8621,,,,,,
8629,,,,,,
8637,,,,,,
8645,,,,,,
,,,,,,
,,,,,,
,,,,,,
0,,,,,,
,,,,,,
8652,,,,,,
8660,,,,,,
8668,,,,,,
8675,,,,,,
8683,,,,,,
8691,,,,,,
8698,,,,,,
8706,,,,,,
8714,,,,,,
8722,,,,,,
8729,,,,,,
8737,,,,,,
8745,,,,,,
8753,,,,,,
8760,,,,,,
8768,,,,,,
8776,,,,,,
8783,,,,,,
8791,,,,,,
8799,,,,,,
8807,,,,,,
8815,,,,,,
8822,,,,,,
8830,,,,,,
8838,,,,,,
8846,,,,,,
8853,,,,,,
8861,,,,,,
8869,,,,,,
8877,,,,,,
,,,,,,
,,,,,,
,,,,,,
0,,,,,,
,,,,,,
8885,,,,,,
8892,,,,,,
8900,,,,,,
8908,,,,,,
8916,,,,,,
8924,,,,,,
8931,,,,,,
8939,,,,,,
8947,,,,,,
8955,,,,,,
8963,,,,,,
8971,,,,,,
8978,,,,,,
8986,,,,,,
8994,,,,,,
9002,,,,,,
9010,,,,,,
9018,,,,,,
9026,,,,,,
9033,,,,,,
9041,,,,,,
9049,,,,,,
9057,,,,,,
9065,,,,,,
9073,,,,,,
9081,,,,,,
9089,,,,,,
9097,,,,,,
9104,,,,,,
9112,,,,,,
,,,,,,
,,,,,,
,,,,,,
0,,,,,,
,,,,,,
9120,,,,,,
9128,,,,,,
9136,,,,,,
9144,,,,,,
9152,,,,,,
9160,,,,,,
9168,,,,,,
9176,,,,,,
9184,,,,,,
9192,,,,,,
9200,,,,,,
9207,,,,,,
9215,,,,,,
9223,,,,,,
9231,,,,,,
9239,,,,,,
9247,,,,,,
9255,,,,,,
9263,,,,,,
9271,,,,,,
9279,,,,,,
9287,,,,,,
9295,,,,,,
9303,,,,,,
9311,,,,,,
9319,,,,,,
9327,,,,,,
9335,,,,,,
9343,,,,,,
9351,,,,,,
,,,,,,
,,,,,,
,,,,,,
0,,,,,,
,,,,,,
9359,,,,,,
9367,,,,,,
9375,,,,,,
9383,,,,,,
9391,,,,,,
9399,,,,,,
9407,,,,,,
9415,,,,,,
9423,,,,,,
9431,,,,,,
9439,,,,,,
9447,,,,,,
9455,,,,,,
9464,,,,,,
9472,,,,,,
9480,,,,,,
9488,,,,,,
9496,,,,,,
9504,,,,,,
9512,,,,,,
9520,,,,,,
9528,,,,,,
9536,,,,,,
9544,,,,,,
9552,,,,,,
9560,,,,,,
9569,,,,,,
9577,,,,,,
9585,,,,,,
9593,,,,,,
,,,,,,
,,,,,,
,,,,,,
0,,,,,,
,,,,,,
9601,,,,,,
9609,,,,,,
9617,,,,,,
9625,,,,,,
9633,,,,,,
9642,,,,,,
9650,,,,,,
9658,,,,,,
9666,,,,,,
9674,,,,,,
9682,,,,,,
9690,,,,,,
9699,,,,,,
9707,,,,,,
9715,,,,,,
9723,,,,,,
9731,,,,,,
9739,,,,,,
9748,,,,,,
9756,,,,,,
9764,,,,,,
9772,,,,,,
9780,,,,,,
9789,,,,,,
9797,,,,,,
9805,,,,,,
9813,,,,,,
9821,,,,,,
9830,,,,,,
9838,,,,,,
,,,,,,
,,,,,,
,,,,,,
0,,,,,,
,,,,,,
9846,,,,,,
9854,,,,,,
9862,,,,,,
9871,,,,,,
9879,,,,,,
9887,,,,,,
9895,,,,,,
9904,,,,,,
9912,,,,,,
9920,,,,,,
9928,,,,,,
9937,,,,,,
9945,,,,,,
9953,,,,,,
9961,,,,,,
9970,,,,,,
9978,,,,,,
9986,,,,,,
9994,,,,,,
10003,,,,,,
10011,,,,,,
10019,,,,,,
10028,,,,,,
10036,,,,,,
10044,,,,,,
10052,,,,,,
10061,,,,,,
10069,,,,,,
10077,,,,,,
10086,,,,,,
,,,,,,
,,,,,,
,,,,,,
0,,,,,,
,,,,,,
10094,,,,,,
10102,,,,,,
10111,,,,,,
10119,,,,,,
10127,,,,,,
10136,,,,,,
10144,,,,,,
10152,,,,,,
10161,,,,,,
10169,,,,,,
10177,,,,,,
10186,,,,,,
10194,,,,,,
10202,,,,,,
10211,,,,,,
10219,,,,,,
10228,,,,,,
10236,,,,,,
10244,,,,,,
10253,,,,,,
10261,,,,,,
10269,,,,,,
10278,,,,,,
10286,,,,,,
10295,,,,,,
10303,,,,,,
10312,,,,,,
10320,,,,,,
10328,,,,,,
10337,,,,,,
,,,,,,
,,,,,,
,,,,,,
0,,,,,,
,,,,,,
10345,,,,,,
10354,,,,,,
10362,,,,,,
10370,,,,,,
10379,,,,,,
10387,,,,,,
10396,,,,,,
10404,,,,,,
10413,,,,,,
10421,,,,,,
10430,,,,,,
10438,,,,,,
10447,,,,,,
10455,,,,,,
10463,,,,,,
10472,,,,,,
10480,,,,,,
10489,,,,,,
10497,,,,,,
10506,,,,,,
10514,,,,,,
10523,,,,,,
10531,,,,,,
10540,,,,,,
10548,,,,,,
10557,,,,,,
10565,,,,,,
10574,,,,,,
10582,,,,,,
10591,,,,,,
,,,,,,
,,,,,,
,,,,,,
0,,,,,,
,,,,,,
10600,,,,,,
10608,,,,,,
10617,,,,,,
10625,,,,,,
10634,,,,,,
10642,,,,,,
10651,,,,,,
10659,,,,,,
10668,,,,,,
10676,,,,,,
10685,,,,,,
10694,,,,,,
10702,,,,,,
10711,,,,,,
10719,,,,,,
10728,,,,,,
10736,,,,,,
10745,,,,,,
10754,,,,,,
10762,,,,,,
10771,,,,,,
10779,,,,,,
10788,,,,,,
10797,,,,,,
10805,,,,,,
10814,,,,,,
10822,,,,,,
10831,,,,,,
10840,,,,,,
10848,,,,,,
,,,,,,
,,,,,,
,,,,,,
0,,,,,,
,,,,,,
10857,,,,,,
10866,,,,,,
10874,,,,,,
10883,,,,,,
10892,,,,,,
10900,,,,,,
10909,,,,,,
10918,,,,,,
10926,,,,,,
10935,,,,,,
10944,,,,,,
10952,,,,,,
10961,,,,,,
10970,,,,,,
10978,,,,,,
10987,,,,,,
10996,,,,,,
11004,,,,,,
11013,,,,,,
11022,,,,,,
11030,,,,,,
11039,,,,,,
11048,,,,,,
11057,,,,,,
11065,,,,,,
11074,,,,,,
11083,,,,,,
11091,,,,,,
11100,,,,,,
11109,,,,,,
,,,,,,
,,,,,,
,,,,,,
0,,,,,,
,,,,,,
11118,,,,,,
11126,,,,,,
11135,,,,,,
11144,,,,,,
11153,,,,,,
11161,,,,,,
11170,,,,,,
11179,,,,,,
11188,,,,,,
11196,,,,,,
11205,,,,,,
11214,,,,,,
11223,,,,,,
11232,,,,,,
11240,,,,,,
11249,,,,,,
11258,,,,,,
11267,,,,,,
11276,,,,,,
11284,,,,,,
11293,,,,,,
11302,,,,,,
11311,,,,,,
11319,,,,,,
11328,,,,,,
11337,,,,,,
11346,,,,,,
11355,,,,,,
11363,,,,,,
11372,,,,,,
,,,,,,
,,,,,,
,,,,,,
0,,,,,,
,,,,,,
11381,,,,,,
11390,,,,,,
11398,,,,,,
11407,,,,,,
11416,,,,,,
11425,,,,,,
11434,,,,,,
11442,,,,,,
11451,,,,,,
11460,,,,,,
11469,,,,,,
11478,,,,,,
11487,,,,,,
11495,,,,,,
11504,,,,,,
11513,,,,,,
11522,,,,,,
11531,,,,,,
11540,,,,,,
11548,,,,,,
11557,,,,,,
11566,,,,,,
11575,,,,,,
11584,,,,,,
11593,,,,,,
11602,,,,,,
11611,,,,,,
11619,,,,,,
11628,,,,,,
11637,,,,,,
,,,,,,
,,,,,,
,,,,,,
0,,,,,,
,,,,,,
11646,,,,,,
11655,,,,,,
11664,,,,,,
11673,,,,,,
11682,,,,,,
11691,,,,,,
11699,,,,,,
11708,,,,,,
11717,,,,,,
11726,,,,,,
11735,,,,,,
11744,,,,,,
11753,,,,,,
11762,,,,,,
11771,,,,,,
11780,,,,,,
11789,,,,,,
11798,,,,,,
11807,,,,,,
11816,,,,,,
11825,,,,,,
11834,,,,,,
11843,,,,,,
11852,,,,,,
11861,,,,,,
11870,,,,,,
11878,,,,,,
11887,,,,,,
11896,,,,,,
11905,,,,,,
,,,,,,
,,,,,,
,,,,,,
0,,,,,,
,,,,,,
11914,,,,,,
11923,,,,,,
11932,,,,,,
11941,,,,,,
11950,,,,,,
11959,,,,,,
11968,,,,,,
11978,,,,,,
11987,,,,,,
11996,,,,,,
12005,,,,,,
12014,,,,,,
12023,,,,,,
12032,,,,,,
12041,,,,,,
12050,,,,,,
12059,,,,,,
12068,,,,,,
12077,,,,,,
12086,,,,,,
12095,,,,,,
12104,,,,,,
12113,,,,,,
12122,,,,,,
12131,,,,,,
12141,,,,,,
12150,,,,,,
12159,,,,,,
12168,,,,,,
12177,,,,,,
,,,,,,
,,,,,,
,,,,,,
0,,,,,,
,,,,,,
12186,,,,,,
12195,,,,,,
12204,,,,,,
12213,,,,,,
12223,,,,,,
12232,,,,,,
12241,,,,,,
12250,,,,,,
12259,,,,,,
12268,,,,,,
12277,,,,,,
12287,,,,,,
12296,,,,,,
12305,,,,,,
12314,,,,,,
12323,,,,,,
12332,,,,,,
12342,,,,,,
12351,,,,,,
12360,,,,,,
12369,,,,,,
12378,,,,,,
12388,,,,,,
12397,,,,,,
12406,,,,,,
12415,,,,,,
12424,,,,,,
12434,,,,,,
12443,,,,,,
12452,,,,,,
,,,,,,
,,,,,,
,,,,,,
0,,,,,,
,,,,,,
12461,,,,,,
12471,,,,,,
12480,,,,,,
12489,,,,,,
12498,,,,,,
12508,,,,,,
12517,,,,,,
12526,,,,,,
12536,,,,,,
12545,,,,,,
12554,,,,,,
12563,,,,,,
12573,,,,,,
12582,,,,,,
12591,,,,,,
12601,,,,,,
12610,,,,,,
12619,,,,,,
12629,,,,,,
12638,,,,,,
12647,,,,,,
12657,,,,,,
12666,,,,,,
12675,,,,,,
12685,,,,,,
12694,,,,,,
12703,,,,,,
12713,,,,,,
12722,,,,,,
12731,,,,,,
,,,,,,
,,,,,,
,,,,,,
0,,,,,,
,,,,,,
12741,,,,,,
12750,,,,,,
12760,,,,,,
12769,,,,,,
12778,,,,,,
12788,,,,,,
12797,,,,,,
12807,,,,,,
12816,,,,,,
12826,,,,,,
12835,,,,,,
12844,,,,,,
12854,,,,,,
12863,,,,,,
12873,,,,,,
12882,,,,,,
12892,,,,,,
12901,,,,,,
12910,,,,,,
12920,,,,,,
12929,,,,,,
12939,,,,,,
12948,,,,,,
12958,,,,,,
12967,,,,,,
12977,,,,,,
12986,,,,,,
12996,,,,,,
13005,,,,,,
13015,,,,,,
,,,,,,
,,,,,,
,,,,,,
0,,,,,,
,,,,,,
13024,,,,,,
13034,,,,,,
13043,,,,,,
13053,,,,,,
13062,,,,,,
13072,,,,,,
13081,,,,,,
13091,,,,,,
13100,,,,,,
13110,,,,,,
13119,,,,,,
13129,,,,,,
13139,,,,,,
13148,,,,,,
13158,,,,,,
13167,,,,,,
13177,,,,,,
13186,,,,,,
13196,,,,,,
13206,,,,,,
13215,,,,,,
13225,,,,,,
13234,,,,,,
13244,,,,,,
13254,,,,,,
13263,,,,,,
13273,,,,,,
13282,,,,,,
13292,,,,,,
13302,,,,,,
,,,,,,
,,,,,,
,,,,,,
0,,,,,,
,,,,,,
13311,,,,,,
13321,,,,,,
13330,,,,,,
13340,,,,,,
13350,,,,,,
13359,,,,,,
13369,,,,,,
13379,,,,,,
13388,,,,,,
13398,,,,,,
13408,,,,,,
13417,,,,,,
13427,,,,,,
13437,,,,,,
13446,,,,,,
13456,,,,,,
13466,,,,,,
13475,,,,,,
13485,,,,,,
13495,,,,,,
13504,,,,,,
13514,,,,,,
13524,,,,,,
13533,,,,,,
13543,,,,,,
13553,,,,,,
13563,,,,,,
13572,,,,,,
13582,,,,,,
13592,,,,,,
,,,,,,
,,,,,,
,,,,,,
0,,,,,,
,,,,,,
13601,,,,,,
13611,,,,,,
13621,,,,,,
13631,,,,,,
13640,,,,,,
13650,,,,,,
13660,,,,,,
13670,,,,,,
13679,,,,,,
13689,,,,,,
13699,,,,,,
13709,,,,,,
13718,,,,,,
13728,,,,,,
13738,,,,,,
13748,,,,,,
13757,,,,,,
13767,,,,,,
13777,,,,,,
13787,,,,,,
13797,,,,,,
13806,,,,,,
13816,,,,,,
13826,,,,,,
13836,,,,,,
13846,,,,,,
13855,,,,,,
13865,,,,,,
13875,,,,,,
13885,,,,,,
,,,,,,
,,,,,,
,,,,,,
0,,,,,,
,,,,,,
13895,,,,,,
13905,,,,,,
13914,,,,,,
13924,,,,,,
13934,,,,,,
13944,,,,,,
13954,,,,,,
13964,,,,,,
13974,,,,,,
13984,,,,,,
13993,,,,,,
14003,,,,,,
14013,,,,,,
14023,,,,,,
14033,,,,,,
14043,,,,,,
14053,,,,,,
14063,,,,,,
14073,,,,,,
14083,,,,,,
14092,,,,,,
14102,,,,,,
14112,,,,,,
14122,,,,,,
14132,,,,,,
14142,,,,,,
14152,,,,,,
14162,,,,,,
14172,,,,,,
14182,,,,,,
,,,,,,
,,,,,,
,,,,,,
0,,,,,,
,,,,,,
14192,,,,,,
14202,,,,,,
14212,,,,,,
14222,,,,,,
14232,,,,,,
14242,,,,,,
14252,,,,,,
14262,,,,,,
14272,,,,,,
14282,,,,,,
14292,,,,,,
14302,,,,,,
14312,,,,,,
14322,,,,,,
14332,,,,,,
14342,,,,,,
14352,,,,,,
14362,,,,,,
14372,,,,,,
14382,,,,,,
14392,,,,,,
14402,,,,,,
14412,,,,,,
14422,,,,,,
14433,,,,,,
14443,,,,,,
14453,,,,,,
14463,,,,,,
14473,,,,,,
14483,,,,,,
,,,,,,
,,,,,,
,,,,,,
0,,,,,,
,,,,,,
14493,,,,,,
14503,,,,,,
14513,,,,,,
14523,,,,,,
14534,,,,,,
14544,,,,,,
14554,,,,,,
14564,,,,,,
14574,,,,,,
14584,,,,,,
14594,,,,,,
14604,,,,,,
14615,,,,,,
14625,,,,,,
14635,,,,,,
14645,,,,,,
14655,,,,,,
14665,,,,,,
14676,,,,,,
14686,,,,,,
14696,,,,,,
14706,,,,,,
14716,,,,,,
14727,,,,,,
14737,,,,,,
14747,,,,,,
14757,,,,,,
14767,,,,,,
14778,,,,,,
14788,,,,,,
,,,,,,
,,,,,,
,,,,,,
0,,,,,,
,,,,,,
14798,,,,,,
14808,,,,,,
14819,,,,,,
14829,,,,,,
14839,,,,,,
14849,,,,,,
14860,,,,,,
14870,,,,,,
14880,,,,,,
14890,,,,,,
14901,,,,,,
14911,,,,,,
14921,,,,,,
14932,,,,,,
14942,,,,,,
14952,,,,,,
14962,,,,,,
14973,,,,,,
14983,,,,,,
14993,,,,,,
15004,,,,,,
15014,,,,,,
15024,,,,,,
15035,,,,,,
15045,,,,,,
15055,,,,,,
15066,,,,,,
15076,,,,,,
15086,,,,,,
15097,,,,,,
,,,,,,
,,,,,,
,,,,,,
0,,,,,,
,,,,,,
15107,,,,,,
15117,,,,,,
15128,,,,,,
15138,,,,,,
15149,,,,,,
15159,,,,,,
15169,,,,,,
15180,,,,,,
15190,,,,,,
15201,,,,,,
15211,,,,,,
15222,,,,,,
15232,,,,,,
15243,,,,,,
15253,,,,,,
15264,,,,,,
15274,,,,,,
15285,,,,,,
15295,,,,,,
15306,,,,,,
15316,,,,,,
15327,,,,,,
15338,,,,,,
15348,,,,,,
15359,,,,,,
15369,,,,,,
15380,,,,,,
15390,,,,,,
15401,,,,,,
15412,,,,,,
,,,,,,
,,,,,,
,,,,,,
0,,,,,,
,,,,,,
15422,,,,,,
15433,,,,,,
15443,,,,,,
15454,,,,,,
15465,,,,,,
15475,,,,,,
15486,,,,,,
15497,,,,,,
15507,,,,,,
15518,,,,,,
15529,,,,,,
15539,,,,,,
15550,,,,,,
15561,,,,,,
15571,,,,,,
15582,,,,,,
15593,,,,,,
15603,,,,,,
15614,,,,,,
15625,,,,,,
15635,,,,,,
15646,,,,,,
15657,,,,,,
15668,,,,,,
15678,,,,,,
15689,,,,,,
15700,,,,,,
15711,,,,,,
15721,,,,,,
15732,,,,,,
,,,,,,
,,,,,,
,,,,,,
0,,,,,,
,,,,,,
15743,,,,,,
15754,,,,,,
15764,,,,,,
15775,,,,,,
15786,,,,,,
15797,,,,,,
15808,,,,,,
15818,,,,,,
15829,,,,,,
15840,,,,,,
15851,,,,,,
15862,,,,,,
15872,,,,,,
15883,,,,,,
15894,,,,,,
15905,,,,,,
15916,,,,,,
15927,,,,,,
15938,,,,,,
15948,,,,,,
15959,,,,,,
15970,,,,,,
15981,,,,,,
15992,,,,,,
16003,,,,,,
16014,,,,,,
16025,,,,,,
16035,,,,,,
16046,,,,,,
16057,,,,,,
,,,,,,
,,,,,,
,,,,,,
0,,,,,,
,,,,,,
16068,,,,,,
16079,,,,,,
16090,,,,,,
16101,,,,,,
16112,,,,,,
16123,,,,,,
16134,,,,,,
16145,,,,,,
16156,,,,,,
16167,,,,,,
16178,,,,,,
16189,,,,,,
16200,,,,,,
16211,,,,,,
16222,,,,,,
16233,,,,,,
16244,,,,,,
16255,,,,,,
16266,,,,,,
16277,,,,,,
16288,,,,,,
16299,,,,,,
16310,,,,,,
16321,,,,,,
16332,,,,,,
16343,,,,,,
16354,,,,,,
16365,,,,,,
16376,,,,,,
16387,,,,,,
,,,,,,
,,,,,,
,,,,,,
0,,,,,,
,,,,,,
16398,,,,,,
16409,,,,,,
16420,,,,,,
16431,,,,,,
16442,,,,,,
16454,,,,,,
16465,,,,,,
16476,,,,,,
16487,,,,,,
16498,,,,,,
16509,,,,,,
16520,,,,,,
16531,,,,,,
16542,,,,,,
16554,,,,,,
16565,,,,,,
16576,,,,,,
16587,,,,,,
16598,,,,,,
16609,,,,,,
16621,,,,,,
16632,,,,,,
16643,,,,,,
16654,,,,,,
16665,,,,,,
16677,,,,,,
16688,,,,,,
16699,,,,,,
16710,,,,,,
16721,,,,,,
,,,,,,
,,,,,,
,,,,,,
0,,,,,,
,,,,,,
16733,,,,,,
16744,,,,,,
16755,,,,,,
16766,,,,,,
16778,,,,,,
16789,,,,,,
16800,,,,,,
16811,,,,,,
16823,,,,,,
16834,,,,,,
16845,,,,,,
16857,,,,,,
16868,,,,,,
16879,,,,,,
16891,,,,,,
16902,,,,,,
16913,,,,,,
16925,,,,,,
16936,,,,,,
16947,,,,,,
16959,,,,,,
16970,,,,,,
16981,,,,,,
16993,,,,,,
17004,,,,,,
17015,,,,,,
17027,,,,,,
17038,,,,,,
17050,,,,,,
17061,,,,,,
,,,,,,
,,,,,,
,,,,,,
0,,,,,,
,,,,,,
17072,,,,,,
17084,,,,,,
17095,,,,,,
17107,,,,,,
17118,,,,,,
17129,,,,,,
17141,,,,,,
17152,,,,,,
17164,,,,,,
17175,,,,,,
17187,,,,,,
17198,,,,,,
17210,,,,,,
17221,,,,,,
17233,,,,,,
17244,,,,,,
17256,,,,,,
17267,,,,,,
17279,,,,,,
17290,,,,,,
17302,,,,,,
17313,,,,,,
17325,,,,,,
17336,,,,,,
17348,,,,,,
17359,,,,,,
17371,,,,,,
17382,,,,,,
17394,,,,,,
17405,,,,,,
,,,,,,
,,,,,,
,,,,,,
0,,,,,,
,,,,,,
17417,,,,,,
17429,,,,,,
17440,,,,,,
17452,,,,,,
17463,,,,,,
17475,,,,,,
17486,,,,,,
17498,,,,,,
17510,,,,,,
17521,,,,,,
17533,,,,,,
17545,,,,,,
17556,,,,,,
17568,,,,,,
17579,,,,,,
17591,,,,,,
17603,,,,,,
17614,,,,,,
17626,,,,,,
17638,,,,,,
17649,,,,,,
17661,,,,,,
17673,,,,,,
17684,,,,,,
17696,,,,,,
17708,,,,,,
17720,,,,,,
17731,,,,,,
17743,,,,,,
17755,,,,,,
,,,,,,
,,,,,,
,,,,,,
0,,,,,,
,,,,,,
17766,,,,,,
17778,,,,,,
17790,,,,,,
17802,,,,,,
17813,,,,,,
17825,,,,,,
17837,,,,,,
17849,,,,,,
17861,,,,,,
17872,,,,,,
17884,,,,,,
17896,,,,,,
17908,,,,,,
17920,,,,,,
17931,,,,,,
17943,,,,,,
17955,,,,,,
17967,,,,,,
17979,,,,,,
17991,,,,,,
18002,,,,,,
18014,,,,,,
18026,,,,,,
18038,,,,,,
18050,,,,,,
18062,,,,,,
18074,,,,,,
18086,,,,,,
18097,,,,,,
18109,,,,,,
,,,,,,
,,,,,,
,,,,,,
0,,,,,,
,,,,,,
18121,,,,,,
18133,,,,,,
18145,,,,,,
18157,,,,,,
18169,,,,,,
18181,,,,,,
18193,,,,,,
18205,,,,,,
18217,,,,,,
18229,,,,,,
18241,,,,,,
18253,,,,,,
18265,,,,,,
18277,,,,,,
18289,,,,,,
18301,,,,,,
18313,,,,,,
18325,,,,,,
18337,,,,,,
18349,,,,,,
18361,,,,,,
18373,,,,,,
18385,,,,,,
18397,,,,,,
18409,,,,,,
18421,,,,,,
18433,,,,,,
18445,,,,,,
18457,,,,,,
18469,,,,,,
,,,,,,
,,,,,,
,,,,,,
0,,,,,,
,,,,,,
18482,,,,,,
18494,,,,,,
18506,,,,,,
18518,,,,,,
18530,,,,,,
18542,,,,,,
18554,,,,,,
18566,,,,,,
18579,,,,,,
18591,,,,,,
18603,,,,,,
18615,,,,,,
18627,,,,,,
18640,,,,,,
18652,,,,,,
18664,,,,,,
18676,,,,,,
18688,,,,,,
18701,,,,,,
18713,,,,,,
18725,,,,,,
18737,,,,,,
18750,,,,,,
18762,,,,,,
18774,,,,,,
18786,,,,,,
18799,,,,,,
18811,,,,,,
18823,,,,,,
18836,,,,,,
,,,,,,
,,,,,,
,,,,,,
0,,,,,,
,,,,,,
18848,,,,,,
18860,,,,,,
18873,,,,,,
18885,,,,,,
18897,,,,,,
18910,,,,,,
18922,,,,,,
18934,,,,,,
18947,,,,,,
18959,,,,,,
18971,,,,,,
18984,,,,,,
18996,,,,,,
19009,,,,,,
19021,,,,,,
19033,,,,,,
19046,,,,,,
19058,,,,,,
19071,,,,,,
19083,,,,,,
19096,,,,,,
19108,,,,,,
19121,,,,,,
19133,,,,,,
19146,,,,,,
19158,,,,,,
19171,,,,,,
19183,,,,,,
19196,,,,,,
19208,,,,,,
,,,,,,
,,,,,,
,,,,,,
0,,,,,,
,,,,,,
19221,,,,,,
19233,,,,,,
19246,,,,,,
19258,,,,,,
19271,,,,,,
19283,,,,,,
19296,,,,,,
19309,,,,,,
19321,,,,,,
19334,,,,,,
19346,,,,,,
19359,,,,,,
19372,,,,,,
19384,,,,,,
19397,,,,,,
19410,,,,,,
19422,,,,,,
19435,,,,,,
19448,,,,,,
19460,,,,,,
19473,,,,,,
19486,,,,,,
19498,,,,,,
19511,,,,,,
19524,,,,,,
19536,,,,,,
19549,,,,,,
19562,,,,,,
19575,,,,,,
19587,,,,,,
,,,,,,
,,,,,,
,,,,,,
0,,,,,,
,,,,,,
19600,,,,,,
19613,,,,,,
19626,,,,,,
19638,,,,,,
19651,,,,,,
19664,,,,,,
19677,,,,,,
19690,,,,,,
19703,,,,,,
19715,,,,,,
19728,,,,,,
19741,,,,,,
19754,,,,,,
19767,,,,,,
19780,,,,,,
19792,,,,,,
19805,,,,,,
19818,,,,,,
19831,,,,,,
19844,,,,,,
19857,,,,,,
19870,,,,,,
19883,,,,,,
19896,,,,,,
19909,,,,,,
19922,,,,,,
19935,,,,,,
19948,,,,,,
19960,,,,,,
19973,,,,,,
,,,,,,
,,,,,,
,,,,,,
0,,,,,,
,,,,,,
19986,,,,,,
19999,,,,,,
20012,,,,,,
20025,,,,,,
20038,,,,,,
20051,,,,,,
20064,,,,,,
20077,,,,,,
20090,,,,,,
20104,,,,,,
20117,,,,,,
20130,,,,,,
20143,,,,,,
20156,,,,,,
20169,,,,,,
20182,,,,,,
20195,,,,,,
20208,,,,,,
20221,,,,,,
20234,,,,,,
20247,,,,,,
20260,,,,,,
20274,,,,,,
20287,,,,,,
20300,,,,,,
20313,,,,,,
20326,,,,,,
20339,,,,,,
20352,,,,,,
20366,,,,,,
,,,,,,
,,,,,,
,,,,,,
0,,,,,,
,,,,,,
20379,,,,,,
20392,,,,,,
20405,,,,,,
20418,,,,,,
20432,,,,,,
20445,,,,,,
20458,,,,,,
20471,,,,,,
20484,,,,,,
20498,,,,,,
20511,,,,,,
20524,,,,,,
20537,,,,,,
20551,,,,,,
20564,,,,,,
20577,,,,,,
20590,,,,,,
20604,,,,,,
20617,,,,,,
20630,,,,,,
20644,,,,,,
20657,,,,,,
20670,,,,,,
20684,,,,,,
20697,,,,,,
20710,,,,,,
20724,,,,,,
20737,,,,,,
20750,,,,,,
20764,,,,,,
,,,,,,
,,,,,,
,,,,,,
0,,,,,,
,,,,,,
20777,,,,,,
20790,,,,,,
20804,,,,,,
20817,,,,,,
20831,,,,,,
20844,,,,,,
20857,,,,,,
20871,,,,,,
20884,,,,,,
20898,,,,,,
20911,,,,,,
20924,,,,,,
20938,,,,,,
20951,,,,,,
20965,,,,,,
20978,,,,,,
20992,,,,,,
21005,,,,,,
21019,,,,,,
21032,,,,,,
21046,,,,,,
21059,,,,,,
21073,,,,,,
21086,,,,,,
21100,,,,,,
21113,,,,,,
21127,,,,,,
21140,,,,,,
21154,,,,,,
21167,,,,,,
,,,,,,
,,,,,,
,,,,,,
0,,,,,,
,,,,,,
21181,,,,,,
21194,,,,,,
21208,,,,,,
21222,,,,,,
21235,,,,,,
21249,,,,,,
21262,,,,,,
21276,,,,,,
21290,,,,,,
21303,,,,,,
21317,,,,,,
21330,,,,,,
21344,,,,,,
21358,,,,,,
21371,,,,,,
21385,,,,,,
21399,,,,,,
21412,,,,,,
21426,,,,,,
21440,,,,,,
21453,,,,,,
21467,,,,,,
21481,,,,,,
21494,,,,,,
21508,,,,,,
21522,,,,,,
21536,,,,,,
21549,,,,,,
21563,,,,,,
21577,,,,,,
,,,,,,
,,,,,,
,,,,,,
0,,,,,,
,,,,,,
21591,,,,,,
21604,,,,,,
21618,,,,,,
21632,,,,,,
21646,,,,,,
21659,,,,,,
21673,,,,,,
21687,,,,,,
21701,,,,,,
21715,,,,,,
21728,,,,,,
21742,,,,,,
21756,,,,,,
21770,,,,,,
21784,,,,,,
21798,,,,,,
21812,,,,,,
21825,,,,,,
21839,,,,,,
21853,,,,,,
21867,,,,,,
21881,,,,,,
21895,,,,,,
21909,,,,,,
21923,,,,,,
21937,,,,,,
21950,,,,,,
21964,,,,,,
21978,,,,,,
21992,,,,,,
,,,,,,
,,,,,,
,,,,,,
0,,,,,,
,,,,,,
22006,,,,,,
22020,,,,,,
22034,,,,,,
22048,,,,,,
22062,,,,,,
22076,,,,,,
22090,,,,,,
22104,,,,,,
22118,,,,,,
22132,,,,,,
22146,,,,,,
22160,,,,,,
22174,,,,,,
22188,,,,,,
22202,,,,,,
22216,,,,,,
22230,,,,,,
22244,,,,,,
22258,,,,,,
22272,,,,,,
22287,,,,,,
22301,,,,,,
22315,,,,,,
22329,,,,,,
22343,,,,,,
22357,,,,,,
22371,,,,,,
22385,,,,,,
22399,,,,,,
22414,,,,,,
,,,,,,
,,,,,,
,,,,,,
0,,,,,,
,,,,,,
22428,,,,,,
22442,,,,,,
22456,,,,,,
22470,,,,,,
22484,,,,,,
22499,,,,,,
22513,,,,,,
22527,,,,,,
22541,,,,,,
22555,,,,,,
22570,,,,,,
22584,,,,,,
22598,,,,,,
22612,,,,,,
22627,,,,,,
22641,,,,,,
22655,,,,,,
22669,,,,,,
22684,,,,,,
22698,,,,,,
22712,,,,,,
22726,,,,,,
22741,,,,,,
22755,,,,,,
22769,,,,,,
22784,,,,,,
22798,,,,,,
22812,,,,,,
22827,,,,,,
22841,,,,,,
,,,,,,
,,,,,,
,,,,,,
0,,,,,,
,,,,,,
22855,,,,,,
22870,,,,,,
22884,,,,,,
22898,,,,,,
22913,,,,,,
22927,,,,,,
22942,,,,,,
22956,,,,,,
22970,,,,,,
22985,,,,,,
22999,,,,,,
23014,,,,,,
23028,,,,,,
23042,,,,,,
23057,,,,,,
23071,,,,,,
23086,,,,,,
23100,,,,,,
23115,,,,,,
23129,,,,,,
23144,,,,,,
23158,,,,,,
23173,,,,,,
23187,,,,,,
23202,,,,,,
23216,,,,,,
23231,,,,,,
23245,,,,,,
23260,,,,,,
23274,,,,,,
,,,,,,
,,,,,,
,,,,,,
0,,,,,,
,,,,,,
23289,,,,,,
23303,,,,,,
23318,,,,,,
23333,,,,,,
23347,,,,,,
23362,,,,,,
23376,,,,,,
23391,,,,,,
23405,,,,,,
23420,,,,,,
23435,,,,,,
23449,,,,,,
23464,,,,,,
23479,,,,,,
23493,,,,,,
23508,,,,,,
23523,,,,,,
23537,,,,,,
23552,,,,,,
23567,,,,,,
23581,,,,,,
23596,,,,,,
23611,,,,,,
23625,,,,,,
23640,,,,,,
23655,,,,,,
23670,,,,,,
23684,,,,,,
23699,,,,,,
23714,,,,,,
,,,,,,
,,,,,,
,,,,,,
0,,,,,,
,,,,,,
23729,,,,,,
23744,,,,,,
23758,,,,,,
23773,,,,,,
23788,,,,,,
23803,,,,,,
23818,,,,,,
23832,,,,,,
23847,,,,,,
23862,,,,,,
23877,,,,,,
23892,,,,,,
23907,,,,,,
23922,,,,,,
23936,,,,,,
23951,,,,,,
23966,,,,,,
23981,,,,,,
23996,,,,,,
24011,,,,,,
24026,,,,,,
24041,,,,,,
24056,,,,,,
24071,,,,,,
24086,,,,,,
24101,,,,,,
24116,,,,,,
24131,,,,,,
24146,,,,,,
24161,,,,,,
,,,,,,
,,,,,,
,,,,,,
0,,,,,,
,,,,,,
24175,,,,,,
24190,,,,,,
24206,,,,,,
24221,,,,,,
24236,,,,,,
24251,,,,,,
24266,,,,,,
24281,,,,,,
24296,,,,,,
24311,,,,,,
24326,,,,,,
24341,,,,,,
24356,,,,,,
24371,,,,,,
24386,,,,,,
24401,,,,,,
24416,,,,,,
24431,,,,,,
24447,,,,,,
24462,,,,,,
24477,,,,,,
24492,,,,,,
24507,,,,,,
24522,,,,,,
24537,,,,,,
24552,,,,,,
24568,,,,,,
24583,,,,,,
24598,,,,,,
24613,,,,,,
,,,,,,
,,,,,,
,,,,,,
0,,,,,,
,,,,,,
24628,,,,,,
24644,,,,,,
24659,,,,,,
24674,,,,,,
24689,,,,,,
24704,,,,,,
24720,,,,,,
24735,,,,,,
24750,,,,,,
24765,,,,,,
24781,,,,,,
24796,,,,,,
24811,,,,,,
24826,,,,,,
24842,,,,,,
24857,,,,,,
24872,,,,,,
24888,,,,,,
24903,,,,,,
24918,,,,,,
24934,,,,,,
24949,,,,,,
24964,,,,,,
24979,,,,,,
24995,,,,,,
25010,,,,,,
25026,,,,,,
25041,,,,,,
25056,,,,,,
25072,,,,,,
,,,,,,
,,,,,,
,,,,,,
0,,,,,,
,,,,,,
25087,,,,,,
25102,,,,,,
25118,,,,,,
25133,,,,,,
25149,,,,,,
25164,,,,,,
25179,,,,,,
25195,,,,,,
25210,,,,,,
25226,,,,,,
25241,,,,,,
25257,,,,,,
25272,,,,,,
25287,,,,,,
25303,,,,,,
25318,,,,,,
25334,,,,,,
25349,,,,,,
25365,,,,,,
25380,,,,,,
25396,,,,,,
25411,,,,,,
25427,,,,,,
25442,,,,,,
25458,,,,,,
25473,,,,,,
25489,,,,,,
25504,,,,,,
25520,,,,,,
25535,,,,,,
,,,,,,
,,,,,,
,,,,,,
0,,,,,,
,,,,,,
25551,,,,,,
25567,,,,,,
25582,,,,,,
25598,,,,,,
25613,,,,,,
25629,,,,,,
25644,,,,,,
25660,,,,,,
25676,,,,,,
25691,,,,,,
25707,,,,,,
25722,,,,,,
25738,,,,,,
25754,,,,,,
25769,,,,,,
25785,,,,,,
25800,,,,,,
25816,,,,,,
25832,,,,,,
25847,,,,,,
25863,,,,,,
25879,,,,,,
25894,,,,,,
25910,,,,,,
25926,,,,,,
25941,,,,,,
25957,,,,,,
25973,,,,,,
25989,,,,,,
26004,,,,,,
,,,,,,
,,,,,,
,,,,,,
0,,,,,,
,,,,,,
26020,,,,,,
26036,,,,,,
26051,,,,,,
26067,,,,,,
26083,,,,,,
26099,,,,,,
26114,,,,,,
26130,,,,,,
26146,,,,,,
26162,,,,,,
26177,,,,,,
26193,,,,,,
26209,,,,,,
26225,,,,,,
26240,,,,,,
26256,,,,,,
26272,,,,,,
26288,,,,,,
26304,,,,,,
26320,,,,,,
26335,,,,,,
26351,,,,,,
26367,,,,,,
26383,,,,,,
26399,,,,,,
26415,,,,,,
26430,,,,,,
26446,,,,,,
26462,,,,,,
26478,,,,,,
,,,,,,
,,,,,,
,,,,,,
0,,,,,,
,,,,,,
26494,,,,,,
26510,,,,,,
26526,,,,,,
26542,,,,,,
26557,,,,,,
26573,,,,,,
26589,,,,,,
26605,,,,,,
26621,,,,,,
26637,,,,,,
26653,,,,,,
26669,,,,,,
26685,,,,,,
26701,,,,,,
26717,,,,,,
26733,,,,,,
26749,,,,,,
26765,,,,,,
26781,,,,,,
26797,,,,,,
26813,,,,,,
26829,,,,,,
26845,,,,,,
26861,,,,,,
26877,,,,,,
26893,,,,,,
26909,,,,,,
26925,,,,,,
26941,,,,,,
26957,,,,,,
,,,,,,
,,,,,,
,,,,,,
0,,,,,,
,,,,,,
26973,,,,,,
26989,,,,,,
27005,,,,,,
27021,,,,,,
27037,,,,,,
27054,,,,,,
27070,,,,,,
27086,,,,,,
27102,,,,,,
27118,,,,,,
27134,,,,,,
27150,,,,,,
27166,,,,,,
27183,,,,,,
27199,,,,,,
27215,,,,,,
27231,,,,,,
27247,,,,,,
27263,,,,,,
27279,,,,,,
27296,,,,,,
27312,,,,,,
27328,,,,,,
27344,,,,,,
27360,,,,,,
27377,,,,,,
27393,,,,,,
27409,,,,,,
27425,,,,,,
27441,,,,,,
,,,,,,
,,,,,,
,,,,,,
0,,,,,,
,,,,,,
27458,,,,,,
27474,,,,,,
27490,,,,,,
27506,,,,,,
27523,,,,,,
27539,,,,,,
27555,,,,,,
27571,,,,,,
27588,,,,,,
27604,,,,,,
27620,,,,,,
27637,,,,,,
27653,,,,,,
27669,,,,,,
27686,,,,,,
27702,,,,,,
27718,,,,,,
27734,,,,,,
27751,,,,,,
27767,,,,,,
